sample_id,asv_id,n_reads,rel_abund
bre18.17,002,191,0.0044044736538683266
bre18.17,004,12400,0.28594488642914795
bre18.17,006,7073,0.16310388562204542
bre18.17,007,8586,0.1979937737806987
bre18.17,009,1085,0.025020177562550445
bre18.17,013,630,0.014527845036319613
bre18.17,014,2509,0.05785771935893001
bre18.17,020,8633,0.19907759714055115
bre18.17,023,161,0.0037126715092816787
bre18.17,043,190,0.004381413582382105
bre18.17,044,192,0.004427533725354549
bre18.17,048,207,0.004773434797647873
bre18.17,052,356,0.008209385449094893
bre18.17,082,52,0.0011991237172835237
bre18.17,086,49,0.0011299435028248588
bre18.17,089,165,0.0038049117952265654
bre18.17,127,540,0.012452438602559669
bre18.17,129,202,0.0046581344402167645
bre18.17,182,35,8.071025020177562e-4
bre18.17,207,75,0.0017295053614666206
bre18.17,452,28,6.45682001614205e-4
bre18.17,455,6,1.3836042891732966e-4
bre18.22.bb,001,213,0.12
bre18.22.bb,003,231,0.13014084507042253
bre18.22.bb,004,87,0.049014084507042255
bre18.22.bb,007,408,0.22985915492957745
bre18.22.bb,008,80,0.04507042253521127
bre18.22.bb,011,5,0.0028169014084507044
bre18.22.bb,018,2,0.0011267605633802818
bre18.22.bb,038,36,0.02028169014084507
bre18.22.bb,040,66,0.03718309859154929
bre18.22.bb,042,59,0.03323943661971831
bre18.22.bb,044,20,0.011267605633802818
bre18.22.bb,074,159,0.0895774647887324
bre18.22.bb,111,125,0.07042253521126761
bre18.22.bb,263,13,0.007323943661971831
bre18.22.bb,268,79,0.044507042253521124
bre18.22.bb,353,57,0.03211267605633803
bre18.22.bb,354,57,0.03211267605633803
bre18.22.bb,467,25,0.014084507042253521
bre18.22.bb,481,23,0.012957746478873239
bre18.22.bb,522,15,0.008450704225352112
bre18.22.bb,523,15,0.008450704225352112
