sample_id,asv_id,n_reads,rel_abund
bre18.17,002,191,0.0044044736538683266
bre18.17,009,1085,0.025020177562550445
bre18.17,020,8633,0.19907759714055115
bre18.17,048,207,0.004773434797647873
bre18.22.bb,001,213,0.12
bre18.22.bb,003,231,0.13014084507042253
bre18.22.bb,354,57,0.03211267605633803
