sample_id,asv_id,n_reads,rel_abund
water2.ce,001,226,0.004254838466752014
water2.ce,002,10,1.8826718879433693e-4
water2.ce,057,91,0.001713231418028466
water2.ce,386,48,9.036825062128173e-4
water3.ky,001,74,0.0019138755980861245
